,code,name,industry,area,net_profits,profits_yoy,pe,totals,esp,timeToMarket,Frist_price,Frist_high_day,Frist_high_price,low_bet_fh_h_day,low_price_bet_fh_h_price,high_day,high/low_price,high/FH,ma20/FH
0,603186,华正新材,元器件,浙江,7027.52,3.25,34.18,1.29,0.543,20170103,7.73,15,2.59767141009,1 days 00:00:00.000000000,-0.0107874865156,50 days 00:00:00.000000000,0.748455107234,0.729593671341,-0.100755124056
1,601375,中原证券,证券,河南,35575.8,-35.29,63.03,39.24,0.091,20170103,4.8,6,0.835416666667,9 days 00:00:00.000000000,-0.150964812713,68 days 00:00:00.000000000,0.697860962567,0.441543700341,-0.286152099886
2,603444,吉比特,互联网,福建,44345.93,-3.92,23.14,0.72,6.2,20170104,77.76,11,1.59387860082,1 days 00:00:00.000000000,-0.0823004462072,54 days 00:00:00.000000000,0.92868719611,0.769955379276,-0.0428805156173
3,603035,常熟汽饰,汽车配件,江苏,16425.78,3.34,20.43,2.8,0.587,20170105,12.53,6,0.819632881085,1 days 00:00:00.000000000,-0.0342105263158,73 days 00:00:00.000000000,0.339237057221,0.293421052632,-0.304824561404
4,603032,德新交运,公路,新疆,2135.2,-49.72,254.14,1.33,0.16,20170105,6.97,13,2.76757532281,2 days 00:00:00.000000000,-0.0632140137091,280 days 00:00:00.000000000,1.09756097561,0.964965727342,0.837699923839
5,300588,熙菱信息,软件服务,新疆,3546.28,85.39,62.28,1.0,0.355,20170105,5.93,23,5.72849915683,10 days 00:00:00.000000000,-0.107769423559,32 days 00:00:00.000000000,0.45702247191,0.3,-0.263533834586
6,002838,道恩股份,塑料,山东,6619.14,7.72,61.38,1.26,0.525,20170106,18.34,9,1.57142857143,2 days 00:00:00.000000000,-0.139100932994,61 days 00:00:00.000000000,0.801231527094,0.550678541137,-0.124215436811
7,603228,景旺电子,元器件,深圳,51652.95,26.09,26.78,4.08,1.266,20170106,33.35,4,0.331334332834,2 days 00:00:00.000000000,-0.0835585585586,305 days 00:00:00.000000000,0.449987711969,0.328828828829,0.156373873874
8,300583,赛托生物,生物制药,山东,4512.66,-37.64,73.14,1.08,0.44,20170106,48.35,5,0.75677352637,0 days 00:00:00.000000000,0.0,0 days 00:00:00.000000000,0.0,0.0,-0.527725453261
9,603689,皖天然气,供气供热,安徽,9158.78,31.38,41.41,3.36,0.28,20170110,11.33,7,0.639894086496,7 days 00:00:00.000000000,-0.131862217438,114 days 00:00:00.000000000,0.521388716677,0.320775026911,-0.122658772874
10,002840,华统股份,食品,浙江,8671.59,35.11,47.32,1.79,0.5,20170110,7.86,11,1.87531806616,1 days 00:00:00.000000000,-0.0610619469027,338 days 00:00:00.000000000,0.837888784166,0.725663716814,0.541592920354
11,603266,天龙股份,塑料,浙江,6428.4,4.72,30.25,1.0,0.66,20170110,21.07,7,0.772662553393,1 days 00:00:00.000000000,-0.0840696117805,67 days 00:00:00.000000000,0.41216018708,0.29344042838,-0.314109772423
12,300580,贝斯特,汽车配件,江苏,9815.95,18.45,33.22,2.0,0.5,20170111,12.49,7,0.958366693355,6 days 00:00:00.000000000,-0.0433360588716,61 days 00:00:00.000000000,0.444444444444,0.381847914963,-0.128822567457
13,300590,移为通信,通信设备,上海,6059.36,5.04,52.74,1.6,0.39,20170111,34.18,6,0.932124049152,2 days 00:00:00.000000000,-0.120533010297,60 days 00:00:00.000000000,0.360192837466,0.196244700182,-0.563522107813
14,603639,海利尔,农药化肥,山东,19073.14,37.94,21.09,1.2,1.63,20170112,35.93,5,0.34706373504,2 days 00:00:00.000000000,-0.0727272727273,66 days 00:00:00.000000000,0.354723707665,0.256198347107,-0.0823760330579
15,002824,和胜股份,铝,广东,4808.55,-10.19,51.6,1.8,0.34,20170112,11.76,9,1.40816326531,1 days 00:00:00.000000000,-0.0289548022599,21 days 00:00:00.000000000,0.995636363636,0.937853107345,-0.334816384181
16,300584,海辰药业,化学制药,江苏,4589.56,47.12,50.85,0.8,0.59,20170112,13.33,12,2.14328582146,1 days 00:00:00.000000000,-0.0164677804296,53 days 00:00:00.000000000,0.303081776268,0.281622911695,-0.214224343675
17,300593,新雷能,电气设备,北京,3027.1,-19.18,57.57,1.16,0.262,20170113,7.84,20,4.38010204082,5 days 00:00:00.000000000,-0.183736367947,36 days 00:00:00.000000000,0.333430148127,0.088430535799,-0.503058321479
18,300589,江龙船艇,船舶,广东,2149.98,6.39,85.88,1.13,0.191,20170113,8.37,20,4.74910394265,7 days 00:00:00.000000000,-0.136325852037,34 days 00:00:00.000000000,0.200673724735,0.0369908561929,-0.503013300083
19,603038,华立股份,装修装饰,广东,7215.67,-1.54,28.68,0.67,1.11,20170116,33.49,7,0.682591818453,1 days 00:00:00.000000000,-0.0221827861579,62 days 00:00:00.000000000,0.268602540835,0.240461401952,-0.245217391304
20,603668,天马科技,饲料,福建,7048.77,11.17,35.59,2.97,0.237,20170117,8.94,13,1.74944071588,11 days 00:00:00.000000000,-0.026444263629,30 days 00:00:00.000000000,0.362724613456,0.326688364524,-0.528315703824
21,300595,欧普康视,医疗保健,安徽,11278.03,29.56,42.29,1.24,0.95,20170117,28.57,14,2.63318165908,11 days 00:00:00.000000000,-0.125240847784,30 days 00:00:00.000000000,0.325660792952,0.159633911368,-0.519961464355
22,601858,中国科传,出版业,北京,15557.58,68.94,40.97,7.91,0.197,20170118,9.85,7,0.510659898477,8 days 00:00:00.000000000,-0.0423387096774,47 days 00:00:00.000000000,0.442105263158,0.381048387097,-0.287432795699
23,002842,翔鹭钨业,小金属,广东,5270.4,11.61,62.98,1.0,0.527,20170119,13.7,16,3.18248175182,6 days 00:00:00.000000000,-0.164397905759,29 days 00:00:00.000000000,0.322263993317,0.104886561955,-0.259511343805
24,002841,视源股份,元器件,广东,59630.33,0.28,35.31,4.06,1.49,20170119,22.87,15,2.10144293835,6 days 00:00:00.000000000,-0.112082334696,38 days 00:00:00.000000000,0.571927596062,0.395742281122,0.0129564359227
25,300596,利安隆,化工原料,天津,9339.23,27.14,25.27,1.8,0.53,20170119,13.55,13,2.31217712177,10 days 00:00:00.000000000,-0.159982174688,35 days 00:00:00.000000000,0.247214854111,0.0476827094474,-0.585049019608
26,603638,艾迪精密,专用机械,山东,10247.35,78.49,40.58,1.76,0.6,20170120,7.9,14,3.14556962025,62 days 00:00:00.000000000,-0.243358778626,79 days 00:00:00.000000000,0.473769168684,0.115114503817,-0.0222900763359
27,002843,泰嘉股份,钢加工,湖南,4044.23,40.85,53.55,1.42,0.3,20170120,7.94,17,3.29093198992,3 days 00:00:00.000000000,-0.0997945406516,87 days 00:00:00.000000000,0.67818715357,0.510713237452,-0.365717640153
28,300592,华凯创意,软件服务,湖南,3590.18,27.04,43.54,1.22,0.3,20170120,6.25,19,4.376,1 days 00:00:00.000000000,-0.0276785714286,34 days 00:00:00.000000000,0.185185185185,0.152380952381,-0.48630952381
29,603037,凯众股份,汽车配件,上海,8900.26,35.19,23.56,1.06,0.86,20170120,23.05,10,1.19869848156,11 days 00:00:00.000000000,-0.0518942383583,35 days 00:00:00.000000000,0.215608740895,0.152525651144,-0.486029992107
30,300597,吉大通信,通信设备,吉林,3388.37,-6.41,93.23,2.4,0.15,20170123,6.64,16,3.55572289157,4 days 00:00:00.000000000,-0.177520661157,29 days 00:00:00.000000000,0.221864951768,0.00495867768595,-0.325123966942
31,601881,中国银河,证券,北京,338344.06,-4.68,27.32,101.37,0.34,20170123,8.17,3,0.452876376989,14 days 00:00:00.000000000,-0.110362257793,222 days 00:00:00.000000000,0.484848484848,0.32097725358,-0.102106149958
32,300599,雄塑科技,塑料,广东,8763.09,21.07,32.63,3.04,0.3,20170123,8.45,11,1.83195266272,12 days 00:00:00.000000000,-0.0785624738822,28 days 00:00:00.000000000,0.452607709751,0.338487254492,-0.492185541162
33,603429,集友股份,广告包装,安徽,7066.24,112.13,60.41,1.36,0.53,20170124,21.6,13,2.0625,4 days 00:00:00.000000000,-0.108087679516,198 days 00:00:00.000000000,0.523389830508,0.35873015873,-0.346530612245
34,002845,同兴达,元器件,深圳,10533.97,162.06,37.72,2.01,0.54,20170125,21.11,13,2.03079109427,5 days 00:00:00.000000000,-0.175054704595,203 days 00:00:00.000000000,0.646456991285,0.358236949047,-0.564582682088
35,300578,会畅通讯,通信设备,上海,2493.48,-10.35,86.15,0.74,0.47,20170125,11.64,18,3.38659793814,6 days 00:00:00.000000000,-0.0109674892284,26 days 00:00:00.000000000,0.237623762376,0.224050137094,-0.295456325891
36,300603,立昂技术,通信设备,新疆,5882.71,259.16,43.48,1.03,0.59,20170126,5.46,21,6.32600732601,1 days 00:00:00.000000000,-0.0375,20 days 00:00:00.000000000,0.429350649351,0.37575,-0.131875
37,300602,飞荣达,元器件,深圳,7034.35,-7.21,53.42,1.0,0.72,20170126,17.78,13,2.23397075366,157 days 00:00:00.000000000,-0.302608695652,94 days 00:00:00.000000000,0.799750623441,0.255130434783,-0.0732173913043
38,603089,正裕工业,汽车配件,浙江,6201.9,-8.42,30.37,1.07,0.581,20170126,16.75,12,1.62746268657,5 days 00:00:00.000000000,-0.113837764145,33 days 00:00:00.000000000,0.245641025641,0.103840036355,-0.458577596001
39,603360,百傲化学,化工原料,辽宁,8146.95,12.22,27.5,1.33,0.65,20170206,11.09,13,2.1830477908,1 days 00:00:00.000000000,-0.00849858356941,32 days 00:00:00.000000000,0.237142857143,0.226628895184,-0.382067988669
40,300601,康泰生物,生物制药,深圳,15636.05,110.16,93.73,4.21,0.38,20170207,4.35,23,7.66206896552,76 days 00:00:00.000000000,-0.361995753715,173 days 00:00:00.000000000,1.19009983361,0.397292993631,0.272744161359
41,603177,德创环保,环境保护,浙江,2293.8,-26.17,137.58,2.02,0.12,20170207,5.18,21,5.138996139,6 days 00:00:00.000000000,-0.0779874213836,9 days 00:00:00.000000000,0.156207366985,0.0660377358491,-0.340691823899
42,002846,英联股份,广告包装,广东,3571.34,-7.79,76.57,1.92,0.186,20170207,10.0,15,2.802,1 days 00:00:00.000000000,-0.0510257759074,104 days 00:00:00.000000000,0.521618625277,0.443976854287,-0.527827459232
43,603637,镇海股份,建筑施工,浙江,3453.69,-28.91,77.08,1.33,0.27,20170208,19.96,8,0.949899799599,4 days 00:00:00.000000000,-0.0490750256937,29 days 00:00:00.000000000,0.302350716023,0.238437821172,-0.382219938335
44,300605,恒锋信息,软件服务,福建,2830.01,18.86,60.46,0.84,0.35,20170208,11.28,15,3.31471631206,3 days 00:00:00.000000000,-0.034312718307,25 days 00:00:00.000000000,0.174468085106,0.134168892542,-0.44793507294
45,603881,数据港,电信运营,上海,8215.61,44.35,84.53,2.11,0.4,20170208,9.36,18,4.05341880342,3 days 00:00:00.000000000,-0.0448202959831,18 days 00:00:00.000000000,0.609119079239,0.536997885835,-0.00452431289641
46,300606,金太阳,矿物制品,广东,4300.07,58.99,45.18,0.89,0.482,20170208,10.03,15,3.51545363908,2 days 00:00:00.000000000,-0.0611614042835,26 days 00:00:00.000000000,0.128880526811,0.0598366085229,-0.279774784721
47,603626,科森科技,专用机械,江苏,11838.2,-5.37,48.02,2.97,0.42,20170209,22.62,7,0.931918656057,4 days 00:00:00.000000000,-0.0386727688787,189 days 00:00:00.000000000,0.575339204951,0.514416475973,-0.359290617849
48,300607,拓斯达,专用机械,广东,10367.44,,59.17,1.3,0.82,20170209,24.74,12,1.99514955538,3 days 00:00:00.000000000,-0.0134952766532,130 days 00:00:00.000000000,0.487961696306,0.467881241565,-0.119217273954
49,603208,江山欧派,家居用品,浙江,8899.12,5.8,28.05,0.81,1.17,20170210,35.76,11,0.77293064877,7 days 00:00:00.000000000,-0.0446372239748,24 days 00:00:00.000000000,0.133894667327,0.0832807570978,-0.334574132492
50,300610,晨化股份,化工原料,江苏,6201.95,35.76,30.67,1.5,0.43,20170213,13.95,13,2.42437275986,0 days 00:00:00.000000000,0.0,0 days 00:00:00.000000000,0.0,0.0,-0.651078082479
51,002848,高斯贝尔,通信设备,湖南,702.23,-78.77,302.6,1.67,0.042,20170213,7.57,18,3.90885072655,5 days 00:00:00.000000000,-0.0993003229279,9 days 00:00:00.000000000,0.12040633403,0.00914962325081,-0.581673842842
52,603330,上海天洋,塑料,上海,1607.13,-59.67,99.23,0.6,0.28,20170213,26.19,12,1.63764795724,2 days 00:00:00.000000000,-0.0348870874349,35 days 00:00:00.000000000,0.318134093295,0.272148233932,-0.490981470759
53,603839,安正时尚,服饰,浙江,20459.66,18.72,24.37,2.89,0.76,20170214,24.16,8,0.81332781457,18 days 00:00:00.000000000,-0.109335768089,9 days 00:00:00.000000000,0.148385443362,0.0228258388496,-0.457635243095
54,300615,欣天科技,元器件,深圳,2107.03,-52.59,82.21,0.8,0.263,20170215,17.24,13,2.27784222738,3 days 00:00:00.000000000,-0.00902495133605,22 days 00:00:00.000000000,0.107857142857,0.0978587860556,-0.43836489117
55,601212,白银有色,铜,甘肃,22928.56,1.71,162.17,69.73,0.033,20170215,2.14,20,5.65887850467,3 days 00:00:00.000000000,-0.0428070175439,3 days 00:00:00.000000000,0.180351906158,0.129824561404,-0.536842105263
56,300609,汇纳科技,互联网,上海,3300.36,77.62,82.59,1.01,0.33,20170215,9.74,22,6.18788501027,4 days 00:00:00.000000000,-0.0499928581631,4 days 00:00:00.000000000,0.0795369117426,0.025567776032,-0.486530495643
57,603817,海峡环保,环境保护,福建,7782.19,22.87,55.6,4.5,0.18,20170220,5.82,20,3.61855670103,3 days 00:00:00.000000000,-0.022693452381,2 days 00:00:00.000000000,0.0502474305291,0.0264136904762,-0.522395833333
58,300613,富瀚微,半导体,上海,8082.02,-14.06,72.78,0.45,1.93,20170220,66.77,17,3.22854575408,0 days 00:00:00.000000000,0.0,0 days 00:00:00.000000000,0.0,0.0,-0.276634554084
59,600939,重庆建工,建筑施工,重庆,18588.65,-15.53,56.37,18.15,0.102,20170221,3.74,15,3.27807486631,1 days 00:00:00.000000000,-0.011875,9 days 00:00:00.000000000,0.350411132195,0.334375,-0.54875
60,603345,安井食品,食品,福建,13910.27,9.23,29.64,2.16,0.68,20170222,16.01,12,1.72954403498,0 days 00:00:00.000000000,0.0,0 days 00:00:00.000000000,0.0,0.0,-0.450938215103
61,603238,诺邦股份,纺织,浙江,3572.0,-22.47,56.16,1.2,0.32,20170222,19.17,12,1.60980699009,4 days 00:00:00.000000000,-0.0805516689986,9 days 00:00:00.000000000,0.0982608695652,0.00979412352588,-0.546092344593
62,300619,金银河,专用机械,广东,3953.66,90.69,62.19,0.75,0.56,20170301,13.18,19,5.37936267071,0 days 00:00:00.000000000,0.0,0 days 00:00:00.000000000,0.0,0.0,-0.47194338725
63,002850,科达利,机械基件,深圳,16785.78,2.47,35.7,1.4,1.199,20170302,45.24,12,1.96198054819,3 days 00:00:00.000000000,-0.0447014925373,2 days 00:00:00.000000000,0.0546832278728,0.00753731343284,-0.534335820896
64,603138,海量数据,软件服务,北京,4434.9,41.5,73.61,1.07,0.44,20170306,14.39,19,4.42043085476,0 days 00:00:00.000000000,0.0,0 days 00:00:00.000000000,0.0,0.0,-0.402935897436
65,603578,三星新材,玻璃,浙江,4277.6,,47.14,0.88,0.51,20170306,17.65,15,2.79603399433,3 days 00:00:00.000000000,-0.0289552238806,1 days 00:00:00.000000000,0.0759299108515,0.044776119403,-0.514029850746
66,603991,至正股份,塑料,上海,2049.93,1.33,76.98,0.75,0.3,20170308,12.73,16,4.01492537313,0 days 00:00:00.000000000,0.0,0 days 00:00:00.000000000,0.0,0.0,-0.564332706767
67,603955,大千生态,环境保护,江苏,5473.03,37.56,48.62,0.87,0.69,20170310,18.31,14,2.78481703987,0 days 00:00:00.000000000,0.0,0 days 00:00:00.000000000,0.0,0.0,-0.402251082251
68,002853,皮阿诺,家居用品,广东,6985.75,55.73,62.31,1.55,0.49,20170310,37.24,13,2.76638023631,0 days 00:00:00.000000000,0.0,0 days 00:00:00.000000000,0.0,0.0,-0.76701839441
69,300620,光库科技,元器件,广东,4199.09,33.02,56.08,0.88,0.52,20170310,14.95,15,2.94648829431,0 days 00:00:00.000000000,0.0,0 days 00:00:00.000000000,0.0,0.0,-0.346186440678
70,603630,拉芳家化,日用化工,广东,9867.16,-3.77,35.55,1.74,0.62,20170313,26.48,12,1.60196374622,0 days 00:00:00.000000000,0.0,0 days 00:00:00.000000000,0.0,0.0,-0.603875181422
71,603665,康隆达,纺织,浙江,6506.61,-15.42,43.59,1.0,0.71,20170313,25.68,11,1.82710280374,0 days 00:00:00.000000000,0.0,0 days 00:00:00.000000000,0.0,0.0,-0.549269972452
72,300623,捷捷微电,半导体,江苏,11261.15,27.44,39.95,0.94,1.203,20170314,33.16,12,2.4246079614,0 days 00:00:00.000000000,0.0,0 days 00:00:00.000000000,0.0,0.0,-0.394496301515
73,300622,博士眼镜,其他商业,深圳,3771.67,41.16,42.26,0.86,0.48,20170315,11.8,13,2.76694915254,5 days 00:00:00.000000000,-0.0438695163105,2 days 00:00:00.000000000,0.0541176470588,0.00787401574803,-0.423217097863
74,603811,诚意药业,化学制药,浙江,4561.75,1.06,43.09,0.85,0.58,20170315,18.91,11,2.11316763617,0 days 00:00:00.000000000,0.0,0 days 00:00:00.000000000,0.0,0.0,-0.481246815016
75,300621,维业股份,装修装饰,深圳,5766.63,46.28,38.73,1.39,0.46,20170316,10.32,12,2.42151162791,0 days 00:00:00.000000000,0.0,0 days 00:00:00.000000000,0.0,0.0,-0.427584253752
76,603179,新泉股份,汽车配件,江苏,16979.47,137.26,25.3,1.62,1.14,20170317,16.81,11,1.73765615705,17 days 00:00:00.000000000,-0.180790960452,192 days 00:00:00.000000000,0.371618037135,0.123641894828,-0.206518904824
77,603517,绝味食品,食品,湖南,37757.81,38.42,31.83,4.1,0.96,20170317,19.31,10,1.82858622475,0 days 00:00:00.000000000,0.0,0 days 00:00:00.000000000,0.0,0.0,-0.261699011351
78,300628,亿联网络,通信设备,福建,47755.97,59.25,28.05,1.49,3.49,20170317,106.4,13,2.27086466165,11 days 00:00:00.000000000,-0.152347566232,11 days 00:00:00.000000000,0.184542372881,0.00408022527441,-0.621205677835
79,300625,三雄极光,半导体,广东,17219.28,17.46,29.79,2.8,0.67,20170317,23.16,9,1.5725388601,0 days 00:00:00.000000000,0.0,0 days 00:00:00.000000000,0.0,0.0,-0.581000335683
80,603133,碳元科技,元器件,江苏,4305.64,-20.21,111.05,2.08,0.23,20170320,11.33,14,2.23654015887,53 days 00:00:00.000000000,-0.331606217617,97 days 00:00:00.000000000,0.734394124847,0.15925824925,-0.114889555495
81,002856,美芝股份,装修装饰,深圳,3586.46,-3.8,113.68,1.01,0.39,20170320,13.93,10,1.82986360373,54 days 00:00:00.000000000,-0.259259259259,226 days 00:00:00.000000000,0.614726027397,0.196093353628,0.167656012177
82,300626,华瑞股份,电气设备,浙江,4212.62,79.16,50.19,1.0,0.421,20170320,9.0,14,2.96666666667,0 days 00:00:00.000000000,0.0,0 days 00:00:00.000000000,0.0,0.0,-0.209495798319
83,300627,华测导航,通信设备,上海,6407.14,33.13,66.54,1.23,0.59,20170321,15.32,14,3.03394255875,0 days 00:00:00.000000000,0.0,0 days 00:00:00.000000000,0.0,0.0,-0.269935275081
84,002855,捷荣技术,塑料,广东,3446.28,-27.34,68.0,2.4,0.16,20170321,7.85,13,2.5923566879,0 days 00:00:00.000000000,0.0,0 days 00:00:00.000000000,0.0,0.0,-0.544716312057
85,603656,泰禾光电,专用机械,安徽,6165.48,4.24,38.73,1.06,0.63,20170321,26.29,9,1.57284138456,5 days 00:00:00.000000000,-0.031638083974,2 days 00:00:00.000000000,0.0804580152672,0.0462743938498,-0.543140153755
86,300631,久吾高科,环境保护,江苏,2567.13,-13.99,77.68,1.03,0.27,20170323,14.36,14,2.90668523677,0 days 00:00:00.000000000,0.0,0 days 00:00:00.000000000,0.0,0.0,-0.585418894831
87,300629,新劲刚,矿物制品,广东,1321.26,-1.43,199.55,0.67,0.22,20170324,9.94,17,4.51106639839,44 days 00:00:00.000000000,-0.287878787879,119 days 00:00:00.000000000,0.55678031274,0.108616283315,-0.131161007667
88,002774,快意电梯,运输设备,广东,4647.69,-24.61,56.46,3.35,0.15,20170324,7.32,11,1.93852459016,0 days 00:00:00.000000000,0.0,0 days 00:00:00.000000000,0.0,0.0,-0.537145513715
89,603768,常青股份,汽车配件,安徽,8878.47,-23.77,31.64,2.04,0.47,20170324,19.58,7,0.981613891726,1 days 00:00:00.000000000,-0.010824742268,1 days 00:00:00.000000000,0.0536737884315,0.0422680412371,-0.531597938144
90,603717,天域生态,环境保护,重庆,4961.48,62.0,70.96,1.73,0.31,20170327,17.56,10,1.40660592255,0 days 00:00:00.000000000,0.0,0 days 00:00:00.000000000,0.0,0.0,-0.341410317085
91,603178,圣龙股份,汽车配件,浙江,6306.77,34.45,36.47,2.03,0.34,20170328,10.84,10,1.30719557196,0 days 00:00:00.000000000,0.0,0 days 00:00:00.000000000,0.0,0.0,-0.416353458617
92,300630,普利制药,化学制药,海南,6052.24,45.94,109.26,1.22,0.54,20170328,13.79,11,2.11312545323,50 days 00:00:00.000000000,-0.249708828325,196 days 00:00:00.000000000,1.29742316051,0.723736314931,0.694432797577
93,601228,广州港,港口,广东,56274.73,8.81,51.75,61.93,0.091,20170329,2.75,14,2.60363636364,6 days 00:00:00.000000000,-0.149344096872,9 days 00:00:00.000000000,0.251482799526,0.0645812310797,-0.384561049445
94,603041,美思德,化工原料,江苏,4215.83,-25.5,39.35,1.0,0.46,20170330,18.6,9,1.14462365591,0 days 00:00:00.000000000,0.0,0 days 00:00:00.000000000,0.0,0.0,-0.444221609426
95,603303,得邦照明,家用电器,浙江,16988.67,-16.73,26.53,4.08,0.416,20170330,26.83,7,0.64107342527,0 days 00:00:00.000000000,0.0,0 days 00:00:00.000000000,0.0,0.0,-0.683533954122
96,300635,达安股份,建筑施工,广东,4052.51,-8.52,54.69,1.36,0.33,20170331,16.36,9,1.33679706601,119 days 00:00:00.000000000,-0.343970703636,41 days 00:00:00.000000000,0.909888357257,0.252942715145,-0.492048129741
97,603385,惠达卫浴,家居用品,河北,17775.68,27.74,25.87,2.84,0.626,20170405,19.11,8,0.948717948718,0 days 00:00:00.000000000,0.0,0 days 00:00:00.000000000,0.0,0.0,-0.407357679914
98,300632,光莆股份,半导体,福建,4431.04,,40.67,1.16,0.42,20170406,8.87,12,2.42277339346,5 days 00:00:00.000000000,-0.130434782609,19 days 00:00:00.000000000,0.189393939394,0.034255599473,-0.280599472991
99,300633,开立医疗,医疗保健,深圳,11484.26,116.6,62.67,4.0,0.3,20170406,6.28,14,2.54617834395,65 days 00:00:00.000000000,-0.190839694656,106 days 00:00:00.000000000,0.650943396226,0.335877862595,0.210552312528
100,603586,金麒麟,汽车配件,山东,14429.6,-6.87,26.6,2.09,0.75,20170406,30.77,6,0.610984725382,0 days 00:00:00.000000000,0.0,0 days 00:00:00.000000000,0.0,0.0,-0.51430300585
101,002859,洁美科技,元器件,浙江,13135.23,45.33,46.56,2.56,0.53,20170407,35.78,6,0.932923420906,49 days 00:00:00.000000000,-0.123626373626,101 days 00:00:00.000000000,0.913875598086,0.677270098323,-0.502226720648
102,603538,美诺华,化学制药,浙江,3559.62,-42.21,65.51,1.2,0.32,20170407,20.2,7,0.771287128713,1 days 00:00:00.000000000,-0.0681945220794,2 days 00:00:00.000000000,0.0986802639472,0.0237562884293,-0.242761319173
103,603906,龙蟠科技,化工原料,江苏,7115.65,11.13,34.64,2.08,0.37,20170410,13.71,9,1.14442013129,0 days 00:00:00.000000000,0.0,0 days 00:00:00.000000000,0.0,0.0,-0.483299319728
104,300637,扬帆新材,化工原料,浙江,4795.64,4.06,37.92,1.23,0.45,20170412,12.02,8,1.33943427621,6 days 00:00:00.000000000,-0.0359174964438,1 days 00:00:00.000000000,0.118406492069,0.0782361308677,-0.268029871977
105,601366,利群股份,百货,山东,27415.94,8.22,25.28,8.61,0.35,20170412,10.58,6,0.844990548204,0 days 00:00:00.000000000,0.0,0 days 00:00:00.000000000,0.0,0.0,-0.464856557377
106,002860,星帅尔,电气设备,浙江,6632.06,8.04,36.05,0.76,0.94,20170412,26.15,11,1.20076481836,105 days 00:00:00.000000000,-0.317115551694,95 days 00:00:00.000000000,0.50534351145,0.0279756733275,-0.278384013901
107,603797,联泰环保,环境保护,广东,4463.08,3.87,70.73,2.13,0.24,20170413,7.15,15,3.26573426573,0 days 00:00:00.000000000,0.0,0 days 00:00:00.000000000,0.0,0.0,-0.31937704918
108,300638,广和通,通信设备,深圳,2512.76,31.05,93.82,0.8,0.34,20170413,12.54,13,2.4696969697,77 days 00:00:00.000000000,-0.351873132613,83 days 00:00:00.000000000,0.779432624113,0.153298092393,-0.00606757067341
109,603826,坤彩科技,染料涂料,福建,8820.18,11.95,48.09,3.6,0.28,20170414,9.78,8,0.794478527607,1 days 00:00:00.000000000,-0.0210826210826,21 days 00:00:00.000000000,0.487776484284,0.45641025641,-0.142962962963
110,300640,德艺文创,文教休闲,福建,2936.76,11.11,51.91,0.8,0.367,20170417,11.29,13,2.52612931798,0 days 00:00:00.000000000,0.0,0 days 00:00:00.000000000,0.0,0.0,-0.36679226325
111,300641,正丹股份,化工原料,江苏,9673.74,-9.7,33.02,2.88,0.38,20170418,12.88,7,0.932453416149,1 days 00:00:00.000000000,-0.0397750100442,7 days 00:00:00.000000000,0.134728033473,0.089594214544,-0.411570912013
112,603225,新凤鸣,化纤,浙江,93166.76,179.11,18.97,6.02,1.64,20170418,32.02,4,0.514678326046,0 days 00:00:00.000000000,0.0,0 days 00:00:00.000000000,0.0,0.0,-0.236391752577
113,002863,今飞凯达,汽车配件,浙江,4010.31,-5.21,69.68,2.22,0.2,20170418,6.58,13,2.50151975684,0 days 00:00:00.000000000,0.0,0 days 00:00:00.000000000,0.0,0.0,-0.413715277778
114,603081,大丰实业,专用机械,浙江,15826.96,20.4,49.2,4.02,0.42,20170420,15.0,9,0.913333333333,0 days 00:00:00.000000000,0.0,0 days 00:00:00.000000000,0.0,0.0,-0.0480836236934
115,300554,三超新材,矿物制品,江苏,4089.75,55.26,68.88,0.52,0.88,20170421,17.99,13,2.27959977765,85 days 00:00:00.000000000,-0.295254237288,103 days 00:00:00.000000000,1.05651755652,0.449322033898,0.0247627118644
116,300642,透景生命,医疗保健,上海,7737.13,24.64,54.76,0.6,1.45,20170421,47.65,9,1.24554039874,99 days 00:00:00.000000000,-0.302710280374,104 days 00:00:00.000000000,0.468971987669,0.0242990654206,-0.160065420561
117,603232,格尔软件,软件服务,上海,1070.74,251.19,196.55,0.61,0.2,20170421,26.06,11,1.45970836531,3 days 00:00:00.000000000,-0.110608424337,5 days 00:00:00.000000000,0.273811611998,0.132917316693,-0.253322932917
118,300645,正元智慧,软件服务,浙江,190.49,-146.62,1070.13,0.67,0.029,20170421,16.3,11,1.82944785276,77 days 00:00:00.000000000,-0.237207285343,88 days 00:00:00.000000000,1.38629903354,0.82025151778,-0.154943625325
119,603139,康惠制药,中成药,陕西,3634.89,2.43,53.34,1.0,0.41,20170421,20.98,9,0.992373689228,0 days 00:00:00.000000000,0.0,0 days 00:00:00.000000000,0.0,0.0,-0.393397129187
120,603096,新经典,出版业,天津,17741.83,53.38,35.2,1.35,1.49,20170425,25.86,7,1.1252900232,84 days 00:00:00.000000000,-0.300946142649,110 days 00:00:00.000000000,0.887298282145,0.319323144105,0.163828238719
121,002865,钧达股份,汽车配件,海南,3852.09,6.98,53.25,1.2,0.36,20170425,10.86,11,1.94659300184,1 days 00:00:00.000000000,-0.015625,6 days 00:00:00.000000000,0.206666666667,0.1878125,-0.326625
122,002866,传艺科技,电脑设备,江苏,6002.6,-4.06,59.72,1.44,0.47,20170426,16.08,8,1.16293532338,77 days 00:00:00.000000000,-0.268257619321,172 days 00:00:00.000000000,0.444007858546,0.0566417481311,0.0446808510638
123,603920,世运电路,元器件,广东,15860.24,-18.12,34.41,4.02,0.46,20170426,18.1,6,0.839779005525,0 days 00:00:00.000000000,0.0,0 days 00:00:00.000000000,0.0,0.0,-0.444564564565
124,603787,新日股份,摩托车,江苏,7195.82,-8.86,30.41,2.04,0.4,20170427,7.31,14,2.83036935705,0 days 00:00:00.000000000,0.0,0 days 00:00:00.000000000,0.0,0.0,-0.494892857143
125,002867,周大生,服饰,深圳,41592.68,25.84,24.15,4.78,0.92,20170427,23.9,6,0.815062761506,0 days 00:00:00.000000000,0.0,0 days 00:00:00.000000000,0.0,0.0,-0.354863992623
126,603320,迪贝电气,机械基件,浙江,4146.83,36.05,51.89,1.0,0.47,20170502,11.92,11,1.99748322148,9 days 00:00:00.000000000,-0.172124265323,140 days 00:00:00.000000000,0.683569979716,0.393786733837,-0.25485586342
127,300650,太龙照明,电气设备,福建,4052.81,40.71,46.81,0.63,0.72,20170503,18.41,11,1.66214014123,0 days 00:00:00.000000000,0.0,0 days 00:00:00.000000000,0.0,0.0,-0.256723117731
128,002868,绿康生化,农业综合,福建,7168.06,-9.99,31.43,1.2,0.69,20170503,18.24,9,1.29550438596,0 days 00:00:00.000000000,0.0,0 days 00:00:00.000000000,0.0,0.0,-0.424408884643
129,300647,超频三,元器件,深圳,2799.97,-16.41,62.81,1.23,0.27,20170503,10.75,12,2.12558139535,0 days 00:00:00.000000000,0.0,0 days 00:00:00.000000000,0.0,0.0,-0.426279761905
130,603501,韦尔股份,半导体,上海,10035.78,-5.75,128.8,4.56,0.24,20170504,10.11,11,1.59347181009,15 days 00:00:00.000000000,-0.266971777269,217 days 00:00:00.000000000,1.27523413111,0.667810831426,0.608123569794
131,300643,万通智控,汽车配件,浙江,2932.67,-3.11,68.08,2.0,0.16,20170505,5.16,14,2.73837209302,1 days 00:00:00.000000000,-0.00155520995334,5 days 00:00:00.000000000,0.198857736241,0.196993260757,-0.321772939347
132,300651,金陵体育,文教休闲,江苏,2040.81,-11.22,97.97,0.76,0.35,20170509,16.45,9,1.5726443769,0 days 00:00:00.000000000,0.0,0 days 00:00:00.000000000,0.0,0.0,-0.21550094518
133,603728,鸣志电器,电气设备,上海,11792.96,15.02,44.77,3.2,0.369,20170509,13.48,8,1.28560830861,0 days 00:00:00.000000000,0.0,0 days 00:00:00.000000000,0.0,0.0,-0.248425835768
134,603086,先达股份,农药化肥,山东,7832.79,4.37,28.43,0.8,1.14,20170511,21.17,7,1.12517713746,60 days 00:00:00.000000000,-0.232273838631,119 days 00:00:00.000000000,0.324551244933,0.0168926428095,-0.169793287397
135,603113,金能科技,化工原料,山东,59850.98,186.81,19.99,6.76,0.95,20170511,16.04,6,0.933291770574,0 days 00:00:00.000000000,0.0,0 days 00:00:00.000000000,0.0,0.0,-0.265527249274
136,603180,金牌厨柜,家居用品,福建,9059.26,125.54,78.62,0.67,1.57,20170512,40.1,11,0.822942643392,11 days 00:00:00.000000000,-0.144733242134,217 days 00:00:00.000000000,1.27335252719,0.944322845417,0.870547195622
137,601952,苏垦农发,种植业,江苏,38716.16,13.77,27.66,10.6,0.42,20170515,11.18,5,0.645796064401,0 days 00:00:00.000000000,0.0,0 days 00:00:00.000000000,0.0,0.0,-0.244184782609
138,002870,香山股份,电器仪表,广东,6093.61,-7.39,35.22,1.11,0.64,20170515,24.53,5,0.756624541378,4 days 00:00:00.000000000,-0.106289162219,7 days 00:00:00.000000000,0.16800830953,0.0438616848457,-0.406405198422
139,300652,雷迪克,汽车配件,浙江,5435.71,19.5,33.84,0.88,0.72,20170516,20.97,7,0.768240343348,1 days 00:00:00.000000000,-0.00215749730313,5 days 00:00:00.000000000,0.187297297297,0.18473570658,-0.261138079827
140,300653,正海生物,医疗保健,山东,3865.23,30.05,52.51,0.8,0.56,20170516,15.47,11,1.83063994829,53 days 00:00:00.000000000,-0.334094542133,113 days 00:00:00.000000000,0.529835390947,0.0187257364695,-0.215391641927
141,603488,展鹏科技,电气设备,江苏,5171.67,-3.85,60.78,2.08,0.29,20170516,11.04,10,1.35869565217,0 days 00:00:00.000000000,0.0,0 days 00:00:00.000000000,0.0,0.0,-0.318778801843
142,603758,秦安股份,汽车配件,重庆,15611.69,5.46,29.81,4.39,0.39,20170517,12.96,6,0.813271604938,2 days 00:00:00.000000000,-0.0506382978723,5 days 00:00:00.000000000,0.111609143882,0.0553191489362,-0.418340425532
143,603269,海鸥股份,机械基件,江苏,1811.18,4.15,100.94,0.91,0.23,20170517,12.61,12,1.61697065821,1 days 00:00:00.000000000,-0.0242424242424,2 days 00:00:00.000000000,0.192546583851,0.163636363636,-0.260878787879
144,300656,民德电子,电脑设备,深圳,2621.39,-10.46,97.28,0.6,0.51,20170519,18.72,10,1.83012820513,64 days 00:00:00.000000000,-0.323707059268,125 days 00:00:00.000000000,0.590845660061,0.0758776896942,0.0414873537184
145,002872,天圣制药,化学制药,重庆,15945.3,12.08,30.68,2.12,0.87,20170519,26.84,7,0.96609538003,0 days 00:00:00.000000000,0.0,0 days 00:00:00.000000000,0.0,0.0,-0.417036194808
146,603197,保隆科技,汽车配件,上海,14456.78,38.13,30.55,1.17,1.43,20170519,32.93,7,0.624962040692,12 days 00:00:00.000000000,-0.226686600635,136 days 00:00:00.000000000,0.518124697922,0.173986170809,0.0033077929359
147,603383,顶点软件,软件服务,福建,3764.47,159.85,76.56,0.86,0.52,20170522,22.86,7,1.12598425197,1 days 00:00:00.000000000,-0.00720164609054,3 days 00:00:00.000000000,0.119170984456,0.111111111111,-0.0904938271605
148,300657,弘信电子,元器件,福建,4725.54,143.49,68.91,1.04,0.53,20170523,9.32,14,3.03969957082,1 days 00:00:00.000000000,-0.074369189907,153 days 00:00:00.000000000,0.922525107604,0.779548472776,0.256122177955
149,300655,晶瑞股份,化工原料,江苏,2305.72,2.9,76.33,0.88,0.261,20170523,8.3,14,3.14939759036,59 days 00:00:00.000000000,-0.297909407666,94 days 00:00:00.000000000,0.638544251447,0.150406504065,-0.171341463415
150,603855,华荣股份,专用机械,上海,6378.68,26.4,46.32,3.31,0.22,20170524,9.11,7,1.12403951701,1 days 00:00:00.000000000,-0.0568475452196,2 days 00:00:00.000000000,0.144657534247,0.0795865633075,-0.389354005168
151,002876,三利谱,元器件,深圳,5580.41,27.78,74.04,0.8,0.81,20170525,22.94,8,1.33827375763,7 days 00:00:00.000000000,-0.131245339299,142 days 00:00:00.000000000,0.824678111588,0.585197613721,0.125857568978
152,603580,艾艾精工,化工原料,上海,2251.8,,71.1,0.67,0.39,20170525,11.77,13,2.76635514019,0 days 00:00:00.000000000,0.0,0 days 00:00:00.000000000,0.0,0.0,-0.320302278367
153,300659,中孚信息,软件服务,山东,877.71,-28.99,284.41,0.83,0.12,20170526,15.42,9,1.57263294423,45 days 00:00:00.000000000,-0.273254348374,44 days 00:00:00.000000000,0.459937565036,0.0610032770355,-0.0695487774137
154,603196,日播时尚,服饰,上海,4508.4,35.44,47.55,2.4,0.22,20170531,8.5,9,1.36588235294,0 days 00:00:00.000000000,0.0,0 days 00:00:00.000000000,0.0,0.0,-0.423620089508
155,300660,江苏雷利,电气设备,江苏,18524.43,-2.73,26.89,1.01,2.13,20170602,60.23,5,0.690353644363,0 days 00:00:00.000000000,0.0,0 days 00:00:00.000000000,0.0,0.0,-0.340261270995
156,300658,延江股份,纺织,福建,6245.72,-5.53,35.17,1.0,0.73,20170602,23.29,6,0.825246887076,0 days 00:00:00.000000000,0.0,0 days 00:00:00.000000000,0.0,0.0,-0.300611620795
157,603042,华脉科技,通信设备,江苏,6077.91,-3.58,45.55,1.39,0.52,20170602,16.21,9,1.00370141888,40 days 00:00:00.000000000,-0.301724137931,78 days 00:00:00.000000000,0.643738977072,0.147783251232,-0.123429802956
158,002878,元隆雅图,文教休闲,北京,5149.58,27.91,40.86,0.77,0.79,20170606,17.38,9,1.43498273878,55 days 00:00:00.000000000,-0.29347826087,96 days 00:00:00.000000000,0.675585284281,0.183837429112,-0.154985822306
159,300661,圣邦股份,元器件,北京,5923.54,13.13,62.41,0.61,1.15,20170606,39.36,7,0.932926829268,61 days 00:00:00.000000000,-0.311251314406,109 days 00:00:00.000000000,0.925572519084,0.326235541535,0.166285488959
160,300662,科锐国际,综合类,北京,5683.32,20.52,61.4,1.8,0.38,20170608,7.86,12,2.20737913486,10 days 00:00:00.000000000,-0.055930186434,3 days 00:00:00.000000000,0.13487394958,0.0714002380008,-0.0146767155891
161,300663,科蓝软件,软件服务,北京,-6129.53,-5.21,0.0,1.34,-0.56,20170608,8.72,11,2.11582568807,167 days 00:00:00.000000000,-0.270887007729,41 days 00:00:00.000000000,0.671378091873,0.218623481781,-0.14950312845
162,603767,中马传动,汽车配件,浙江,5553.53,-24.01,43.44,2.13,0.31,20170613,16.11,6,0.55183116077,0 days 00:00:00.000000000,0.0,0 days 00:00:00.000000000,0.0,0.0,-0.39268
163,603536,惠发股份,食品,山东,3005.04,-221.46,59.66,1.2,0.3,20170613,10.99,10,1.22929936306,0 days 00:00:00.000000000,0.0,0 days 00:00:00.000000000,0.0,0.0,-0.201714285714
164,603879,永悦科技,化工原料,福建,3650.37,10.34,54.73,1.44,0.253,20170614,9.72,10,1.21193415638,45 days 00:00:00.000000000,-0.283720930233,84 days 00:00:00.000000000,0.753246753247,0.255813953488,-0.117953488372
165,603226,菲林格尔,家居用品,上海,6138.17,15.4,32.77,0.9,0.85,20170615,25.29,6,0.493475682088,0 days 00:00:00.000000000,0.0,0 days 00:00:00.000000000,0.0,0.0,-0.214826581943
166,603980,吉华集团,染料涂料,浙江,30340.53,15.82,26.51,5.0,0.7,20170615,20.64,4,0.454941860465,0 days 00:00:00.000000000,0.0,0 days 00:00:00.000000000,0.0,0.0,-0.309823509824
167,603326,我乐家居,家居用品,江苏,4046.16,50.45,57.86,1.61,0.3,20170616,11.84,7,0.941722972973,2 days 00:00:00.000000000,-0.0765550239234,7 days 00:00:00.000000000,0.28732925106,0.188777729448,-0.162461939974
168,002880,卫光生物,生物制药,深圳,10695.76,-7.62,40.81,1.08,1.19,20170616,33.14,10,1.29722389861,4 days 00:00:00.000000000,-0.0265335610141,1 days 00:00:00.000000000,0.047227094859,0.019440430842,-0.280809142257
169,300667,必创科技,电器仪表,北京,943.71,379.73,209.79,0.68,0.19,20170619,14.19,14,1.90345313601,36 days 00:00:00.000000000,-0.270873786408,91 days 00:00:00.000000000,0.777629826897,0.296116504854,-0.0586650485437
170,300668,杰恩设计,装修装饰,深圳,4370.87,57.26,66.56,0.42,1.23,20170619,25.1,10,1.57250996016,24 days 00:00:00.000000000,-0.101130555986,105 days 00:00:00.000000000,0.614403859407,0.45113829952,0.0882143410252
171,603316,诚邦股份,建筑施工,浙江,4556.15,16.98,47.55,2.03,0.3,20170619,8.18,9,1.4217603912,1 days 00:00:00.000000000,-0.0206966178698,5 days 00:00:00.000000000,0.0726804123711,0.0504795557799,-0.285259969712
172,002883,中设股份,建筑施工,江苏,3434.74,39.72,60.79,0.53,0.75,20170620,18.8,14,1.88936170213,151 days 00:00:00.000000000,-0.257179675994,31 days 00:00:00.000000000,0.54770755886,0.149668630339,-0.0624815905744
173,603679,华体科技,电气设备,四川,3001.55,0.14,60.67,1.0,0.36,20170621,13.59,12,1.08903605592,12 days 00:00:00.000000000,-0.232123987319,20 days 00:00:00.000000000,0.477064220183,0.134202183868,-0.120042268404
174,603380,易德龙,元器件,江苏,6825.11,18.25,34.44,1.6,0.51,20170622,15.38,10,0.843302990897,0 days 00:00:00.000000000,0.0,0 days 00:00:00.000000000,0.0,0.0,-0.292098765432
175,002881,美格智能,通信设备,深圳,2520.86,19.3,88.13,1.07,0.28,20170622,11.83,12,1.92476754015,35 days 00:00:00.000000000,-0.369942196532,60 days 00:00:00.000000000,0.70871559633,0.0765895953757,-0.144942196532
176,002885,京泉华,元器件,深圳,5329.96,-2.73,39.26,0.8,0.8,20170627,18.64,9,1.46512875536,0 days 00:00:00.000000000,0.0,0 days 00:00:00.000000000,0.0,0.0,-0.227116430903
177,603043,广州酒家,食品,广东,19870.85,12.57,29.81,4.04,0.54,20170627,18.98,6,0.383034773446,1 days 00:00:00.000000000,-0.00190476190476,1 days 00:00:00.000000000,0.0160305343511,0.0140952380952,-0.266019047619
178,300669,沪宁股份,机械基件,浙江,3182.26,-5.72,48.58,0.84,0.45,20170629,13.2,8,1.33863636364,0 days 00:00:00.000000000,0.0,0 days 00:00:00.000000000,0.0,0.0,-0.222675736961
179,603801,志邦股份,家居用品,安徽,15472.28,30.36,43.46,1.6,1.16,20170630,33.8,6,0.395857988166,10 days 00:00:00.000000000,-0.191394658754,177 days 00:00:00.000000000,0.439056356488,0.16362865621,0.13719796524
180,300670,大烨智能,电气设备,江苏,3327.11,6.33,54.1,1.08,0.37,20170703,13.12,8,1.15548780488,33 days 00:00:00.000000000,-0.289250353607,42 days 00:00:00.000000000,0.43631840796,0.0208628005658,-0.219200848656
181,603617,君禾股份,专用机械,浙江,4173.67,6.38,39.84,1.0,0.48,20170703,10.72,9,1.57276119403,29 days 00:00:00.000000000,-0.22044960116,21 days 00:00:00.000000000,0.376744186047,0.0732414793329,-0.115264684554
182,603331,百达精工,专用机械,浙江,5102.08,24.91,36.5,1.27,0.48,20170705,11.56,7,1.12716262976,26 days 00:00:00.000000000,-0.228141520943,91 days 00:00:00.000000000,0.348788198103,0.0410736071574,-0.211224074827
183,603933,睿能科技,纺织机械,福建,13054.32,93.45,29.33,1.03,1.53,20170706,29.09,7,0.70436576143,31 days 00:00:00.000000000,-0.110528438887,92 days 00:00:00.000000000,0.425170068027,0.26764824526,0.0387454618798
184,603305,旭升股份,汽车配件,浙江,16153.35,17.94,59.58,4.01,0.44,20170710,13.51,13,2.32198371577,19 days 00:00:00.000000000,-0.147058823529,73 days 00:00:00.000000000,0.466039707419,0.250445632799,-0.16575311943
185,603757,大元泵业,专用机械,浙江,12443.71,28.92,28.18,0.84,1.84,20170711,26.9,6,0.684758364312,9 days 00:00:00.000000000,-0.100176522507,109 days 00:00:00.000000000,0.720696419814,0.548323036187,0.290533980583
186,300673,佩蒂股份,饲料,浙江,6097.21,,41.52,0.8,0.95,20170711,29.49,6,0.505595116989,24 days 00:00:00.000000000,-0.179054054054,95 days 00:00:00.000000000,0.36049382716,0.116891891892,-0.0244369369369
187,300672,国科微,半导体,湖南,453.91,-106.93,1075.36,1.12,0.05,20170712,10.18,10,1.48722986248,1 days 00:00:00.000000000,-0.0272511848341,120 days 00:00:00.000000000,1.94762484775,1.8672985782,1.39731437599
188,300676,华大基因,医疗保健,深圳,31242.58,21.52,177.88,4.0,0.85,20170714,16.37,20,5.42638973732,1 days 00:00:00.000000000,-0.0897338403042,95 days 00:00:00.000000000,1.48538011696,1.26235741445,0.948745247148
189,603612,索通发展,矿物制品,山东,34930.88,594.27,26.75,2.43,1.8,20170718,11.35,17,3.59471365639,6 days 00:00:00.000000000,-0.165867689358,37 days 00:00:00.000000000,0.652413793103,0.378331735379,-0.0333269415149
190,603707,健友股份,化学制药,江苏,22366.4,9.16,40.15,4.24,0.6,20170719,10.38,8,0.821772639692,14 days 00:00:00.000000000,-0.143310417768,144 days 00:00:00.000000000,0.799382716049,0.541512427287,0.424114225278
191,601619,嘉泽新能,新型电力,宁夏,12847.46,45.17,89.15,19.33,0.07,20170720,1.51,17,4.52317880795,3 days 00:00:00.000000000,-0.0287769784173,16 days 00:00:00.000000000,0.518518518519,0.474820143885,0.0483213429257
192,603676,卫信康,化学制药,西藏,7715.84,-3.03,66.98,4.23,0.21,20170721,7.96,9,0.853015075377,1 days 00:00:00.000000000,-0.0766101694915,28 days 00:00:00.000000000,0.453010279001,0.341694915254,0.0957288135593
193,002888,惠威科技,元器件,广东,2211.64,7.2,76.08,0.83,0.33,20170721,10.76,9,1.57342007435,9 days 00:00:00.000000000,-0.110870350307,18 days 00:00:00.000000000,0.45938261576,0.297580353918,-0.0267244492597
194,300680,隆盛科技,汽车配件,江苏,1357.98,-35.93,137.68,0.68,0.24,20170725,10.42,10,1.82821497121,4 days 00:00:00.000000000,-0.0620970478453,21 days 00:00:00.000000000,0.501808972504,0.408551068884,0.194231421785
195,300678,中科信息,软件服务,四川,1220.48,7.33,332.39,1.0,0.15,20170728,9.42,10,1.76114649682,1 days 00:00:00.000000000,-0.036524413687,41 days 00:00:00.000000000,2.39185953711,2.26797385621,1.21299500192
196,603730,岱美股份,汽车配件,上海,43617.49,33.84,24.21,4.08,1.18,20170728,35.88,5,0.163879598662,0 days 00:00:00.000000000,0.0,0 days 00:00:00.000000000,0.0,0.0,-0.15627394636
197,002889,东方嘉盛,仓储物流,深圳,9239.77,26.9,33.98,1.38,0.83,20170731,15.53,6,0.79008370895,3 days 00:00:00.000000000,-0.036690647482,71 days 00:00:00.000000000,0.456310679612,0.402877697842,0.00737410071942
198,603233,大参林,医药商业,广东,36670.39,9.49,39.87,4.0,0.99,20170731,29.66,3,0.452461227242,12 days 00:00:00.000000000,-0.1643454039,86 days 00:00:00.000000000,0.477777777778,0.234911792015,0.18525998143
199,002890,弘宇股份,农用机械,山东,3863.09,21.37,42.86,0.67,0.72,20170802,15.31,7,0.99216198563,1 days 00:00:00.000000000,-0.016393442623,95 days 00:00:00.000000000,0.466333333333,0.442295081967,0.0906885245902
200,300685,艾德生物,生物制药,福建,6786.45,29.28,91.83,0.8,0.848,20170802,16.63,19,4.41250751654,2 days 00:00:00.000000000,-0.0777691367626,75 days 00:00:00.000000000,0.33152632213,0.227974669481,0.00561048772359
201,603860,中公高科,公路,北京,1663.06,-16.62,104.83,0.67,0.31,20170802,22.49,6,0.491774121832,1 days 00:00:00.000000000,-0.016393442623,19 days 00:00:00.000000000,0.39696969697,0.374068554396,0.0755886736215
202,300687,赛意信息,软件服务,广东,6627.13,17.42,43.28,0.8,1.1,20170803,29.23,4,0.451932945604,2 days 00:00:00.000000000,-0.0221489161169,64 days 00:00:00.000000000,0.453253012048,0.421065032988,0.102238454288
203,300686,智动力,元器件,深圳,2407.72,-32.93,91.84,1.25,0.25,20170804,11.27,6,0.93256433008,3 days 00:00:00.000000000,-0.0730027548209,18 days 00:00:00.000000000,0.703813769193,0.57943067034,0.024334251607
204,603880,南卫股份,医疗保健,江苏,4111.71,11.2,46.02,1.0,0.51,20170807,14.06,5,0.671408250356,3 days 00:00:00.000000000,-0.0148936170213,86 days 00:00:00.000000000,0.447516198704,0.425957446809,0.0891489361702
205,603535,嘉诚国际,仓储物流,广东,8202.48,24.22,36.02,1.5,0.68,20170808,21.84,4,0.330586080586,3 days 00:00:00.000000000,-0.0777701307639,70 days 00:00:00.000000000,0.318656716418,0.216104611149,-0.114521679284
206,300690,双一科技,电气设备,山东,9229.14,4.19,32.12,0.69,1.7,20170808,38.54,3,0.452257394914,4 days 00:00:00.000000000,-0.0432374486332,88 days 00:00:00.000000000,0.351260504202,0.292835447561,0.0143648383062
207,300689,澄天伟业,元器件,深圳,4091.75,41.46,53.22,0.68,0.77,20170809,17.27,10,1.72264041691,1 days 00:00:00.000000000,-0.0216928966397,5 days 00:00:00.000000000,0.456739130435,0.425138239047,-0.0887494683114
208,603458,勘设股份,建筑施工,贵州,25463.45,117.72,28.82,1.24,2.64,20170809,42.28,3,0.121333964049,3 days 00:00:00.000000000,-0.0185614849188,92 days 00:00:00.000000000,0.682785299807,0.651550305843,0.553385361738
209,603602,纵横通信,通信设备,浙江,2842.16,64.85,98.44,0.8,0.46,20170810,18.22,14,2.8144895719,2 days 00:00:00.000000000,-0.0981294964029,1 days 00:00:00.000000000,0.140714741544,0.0287769784173,-0.263726618705
210,603721,中广天择,影视音像,湖南,5705.98,141.98,36.97,1.0,0.73,20170811,8.46,17,4.52127659574,0 days 00:00:00.000000000,0.0,0 days 00:00:00.000000000,0.0,0.0,-0.422179404838
211,603776,永安行,公共交通,江苏,7927.22,9.38,57.47,0.96,1.02,20170817,32.22,12,1.82495344507,0 days 00:00:00.000000000,0.0,0 days 00:00:00.000000000,0.0,0.0,-0.337123709075
212,603129,春风动力,摩托车,浙江,8445.18,35.26,31.49,1.33,0.79,20170818,19.63,11,1.5298013245,0 days 00:00:00.000000000,0.0,0 days 00:00:00.000000000,0.0,0.0,-0.468626661297
213,603557,起步股份,服饰,浙江,14029.72,18.46,42.38,4.7,0.33,20170818,11.13,12,1.59658580413,0 days 00:00:00.000000000,0.0,0 days 00:00:00.000000000,0.0,0.0,-0.46169550173
214,601949,中国出版,出版业,北京,14942.36,-7.85,67.24,18.23,0.1,20170821,4.01,11,2.1072319202,1 days 00:00:00.000000000,-0.0497592295345,3 days 00:00:00.000000000,0.0878378378378,0.0337078651685,-0.410674157303
215,002891,中宠股份,饲料,山东,5937.41,7.92,42.92,1.0,0.76,20170821,18.55,9,1.57250673854,0 days 00:00:00.000000000,0.0,0 days 00:00:00.000000000,0.0,0.0,-0.265255658005
216,300692,中环环保,环境保护,安徽,3443.59,32.35,99.71,1.07,0.42,20170821,10.54,17,4.21821631879,8 days 00:00:00.000000000,-0.0490909090909,2 days 00:00:00.000000000,0.105162523901,0.0509090909091,-0.232181818182
217,603976,正川股份,医疗保健,重庆,6441.49,11.96,34.48,1.08,0.596,20170822,17.18,10,1.64260768335,0 days 00:00:00.000000000,0.0,0 days 00:00:00.000000000,0.0,0.0,-0.394933920705
218,300696,爱乐达,航空,四川,3809.77,168.77,91.49,0.69,0.71,20170822,26.86,11,1.93410275503,37 days 00:00:00.000000000,-0.0407308717168,33 days 00:00:00.000000000,0.234920634921,0.184621240959,-0.116203527471
219,002895,川恒股份,化工原料,贵州,12829.63,7.67,60.4,4.0,0.35,20170825,8.44,13,2.76184834123,4 days 00:00:00.000000000,-0.142992125984,7 days 00:00:00.000000000,0.323410510842,0.134173228346,-0.175716535433
220,603127,昭衍新药,医疗保健,北京,3465.98,189.64,101.25,0.82,0.55,20170825,18.01,16,3.17767906718,0 days 00:00:00.000000000,0.0,0 days 00:00:00.000000000,0.0,0.0,-0.27134502924
221,002896,中大力德,机械基件,浙江,4587.29,66.84,49.57,0.8,0.74,20170829,15.51,13,2.32108317215,42 days 00:00:00.000000000,-0.174917491749,16 days 00:00:00.000000000,0.336470588235,0.102698505145,-0.192215103863
222,603500,祥和实业,运输设备,浙江,5672.88,12.4,44.29,1.26,0.58,20170904,15.8,10,1.83227848101,0 days 00:00:00.000000000,0.0,0 days 00:00:00.000000000,0.0,0.0,-0.423865921788
223,603183,建研院,建筑施工,江苏,3338.18,-7.36,89.03,0.88,0.51,20170905,19.53,16,2.81874039939,0 days 00:00:00.000000000,0.0,0 days 00:00:00.000000000,0.0,0.0,-0.461303298471
224,603725,天安新材,塑料,广东,3402.52,-13.43,64.53,1.47,0.31,20170906,13.88,9,1.02089337176,1 days 00:00:00.000000000,-0.0192513368984,1 days 00:00:00.000000000,0.148673209742,0.126559714795,-0.282709447415
225,603527,众源新材,铜,安徽,6029.14,,42.26,1.24,0.62,20170907,19.11,11,1.30245944532,1 days 00:00:00.000000000,-0.0465909090909,3 days 00:00:00.000000000,0.0607866507747,0.0113636363636,-0.352545454545
226,002897,意华股份,元器件,浙江,7361.1,5.18,42.77,1.07,0.69,20170907,24.82,7,1.12570507655,4 days 00:00:00.000000000,-0.0708870356331,6 days 00:00:00.000000000,0.175030599755,0.0917361637604,-0.290409401061
227,300697,电工合金,铜,江苏,4670.69,30.91,61.15,1.6,0.38,20170907,9.16,14,3.14301310044,0 days 00:00:00.000000000,0.0,0 days 00:00:00.000000000,0.0,0.0,-0.357971014493
228,300695,兆丰股份,汽车配件,浙江,12214.83,1.29,36.61,0.67,2.44,20170908,75.2,6,0.809840425532,0 days 00:00:00.000000000,0.0,0 days 00:00:00.000000000,0.0,0.0,-0.356605437179
229,603277,银都股份,专用机械,浙江,18244.04,,30.71,4.01,0.54,20170911,17.81,6,0.517125210556,1 days 00:00:00.000000000,-0.0636565507032,2 days 00:00:00.000000000,0.181818181818,0.106587712805,-0.313878608438
230,603386,广东骏亚,元器件,广东,4898.79,10.16,52.58,2.02,0.31,20170912,8.97,13,2.03232998885,0 days 00:00:00.000000000,0.0,0 days 00:00:00.000000000,0.0,0.0,-0.382867647059
231,002898,赛隆药业,化学制药,广东,4693.24,3.21,54.69,1.6,0.293,20170912,10.83,12,1.95475530933,0 days 00:00:00.000000000,0.0,0 days 00:00:00.000000000,0.0,0.0,-0.341
232,603648,畅联股份,仓储物流,上海,11977.92,4.21,52.35,3.69,0.43,20170913,8.84,12,1.96719457014,19 days 00:00:00.000000000,-0.160121997713,7 days 00:00:00.000000000,0.471175669542,0.235608082348,-0.195081967213
233,300701,森霸股份,元器件,河南,4294.77,27.55,51.89,0.8,0.72,20170915,15.77,11,2.11223842739,13 days 00:00:00.000000000,-0.107579462103,5 days 00:00:00.000000000,0.245205479452,0.111246943765,-0.238977180114
234,603321,梅轮电梯,运输设备,浙江,6350.85,10.17,45.65,3.07,0.27,20170915,7.28,10,1.82967032967,0 days 00:00:00.000000000,0.0,0 days 00:00:00.000000000,0.0,0.0,-0.422330097087
235,002899,英派斯,文教休闲,山东,6061.75,0.8,41.54,1.2,0.67,20170915,19.26,9,1.33904465213,11 days 00:00:00.000000000,-0.0985571587125,9 days 00:00:00.000000000,0.12484609702,0.0139844617092,-0.376071032186
236,002893,华通热力,供气供热,北京,3477.54,30.47,82.07,1.2,0.39,20170915,10.27,12,2.282375852,1 days 00:00:00.000000000,-0.0560664491249,4 days 00:00:00.000000000,0.182903834067,0.116582616434,-0.117531889647
237,603813,原尚股份,仓储物流,广东,3794.99,56.92,52.16,0.88,0.57,20170918,14.64,11,1.59289617486,1 days 00:00:00.000000000,-0.0890410958904,13 days 00:00:00.000000000,0.448235974552,0.31928345627,-0.211722866175
238,300702,天宇股份,化学制药,浙江,10611.17,5.16,35.03,1.2,1.18,20170919,26.89,8,1.33953142432,0 days 00:00:00.000000000,0.0,0 days 00:00:00.000000000,0.0,0.0,-0.347019551741
239,300703,创源文化,文教休闲,浙江,3952.98,-17.04,48.42,0.8,0.66,20170919,26.18,8,1.12605042017,0 days 00:00:00.000000000,0.0,0 days 00:00:00.000000000,0.0,0.0,-0.41652892562
240,603533,掌阅科技,互联网,北京,9740.1,104.46,130.43,4.01,0.27,20170921,5.83,28,9.80102915952,2 days 00:00:00.000000000,-0.0274734000318,4 days 00:00:00.000000000,0.0886675375572,0.0587581387963,-0.320644751469
241,002901,大博医疗,医疗保健,福建,21044.9,24.75,52.96,4.0,0.54,20170922,13.87,12,2.33886085076,14 days 00:00:00.000000000,-0.179442884906,11 days 00:00:00.000000000,0.283421052632,0.0531202763982,-0.204729000216
242,603963,大理药业,化学制药,云南,3902.19,9.37,55.32,1.0,0.52,20170922,18.12,11,1.37306843267,0 days 00:00:00.000000000,0.0,0 days 00:00:00.000000000,0.0,0.0,-0.310325581395
243,603157,拉夏贝尔,服饰,上海,33973.0,4.5,22.61,5.48,0.62,20170925,10.09,11,1.84836471754,0 days 00:00:00.000000000,0.0,0 days 00:00:00.000000000,0.0,0.0,-0.402261656228
244,603136,天目湖,旅游景点,江苏,7828.24,21.01,33.23,0.8,1.3,20170927,23.62,9,1.18458933108,14 days 00:00:00.000000000,-0.186046511628,16 days 00:00:00.000000000,0.240714285714,0.00988372093023,-0.189263565891
245,603378,亚士创能,染料涂料,上海,7758.06,4.46,43.77,1.95,0.53,20170928,15.53,8,1.33741146169,0 days 00:00:00.000000000,0.0,0 days 00:00:00.000000000,0.0,0.0,-0.363663911846
246,603367,辰欣药业,化学制药,山东,20409.87,24.37,33.94,4.53,0.58,20170929,13.99,7,1.12723373838,0 days 00:00:00.000000000,0.0,0 days 00:00:00.000000000,0.0,0.0,-0.32436155914
247,002902,铭普光磁,元器件,广东,5784.17,-10.82,79.37,1.4,0.55,20170929,16.96,11,1.94870283019,7 days 00:00:00.000000000,-0.118176364727,13 days 00:00:00.000000000,0.283673469388,0.131973605279,-0.185202959408
248,300705,九典制药,化学制药,湖南,4635.24,,52.12,1.17,0.53,20171010,12.44,11,1.89951768489,13 days 00:00:00.000000000,-0.0989742168007,8 days 00:00:00.000000000,0.169230769231,0.0535070695869,-0.236928195176
249,300707,威唐工业,专用机械,江苏,7209.16,57.86,38.43,0.79,1.22,20171010,18.11,13,2.29431253451,1 days 00:00:00.000000000,-0.0358699296011,18 days 00:00:00.000000000,0.203059805285,0.159906134764,-0.235551458263
250,603103,横店影视,影视音像,浙江,30508.38,-7.72,34.3,4.53,0.673,20171012,18.54,10,1.26537216828,0 days 00:00:00.000000000,0.0,0 days 00:00:00.000000000,0.0,0.0,-0.340476190476
251,603110,东方材料,染料涂料,浙江,4466.85,8.85,45.73,1.03,0.58,20171013,15.65,10,1.40575079872,0 days 00:00:00.000000000,0.0,0 days 00:00:00.000000000,0.0,0.0,-0.296812749004
252,002903,宇环数控,机床制造,湖南,6728.97,39.08,47.68,1.0,0.9,20171013,15.34,13,2.71577574967,6 days 00:00:00.000000000,-0.113859649123,2 days 00:00:00.000000000,0.197782617304,0.0614035087719,-0.305245614035
253,002906,华阳集团,汽车配件,广东,19668.04,11.6,41.31,4.73,0.49,20171013,16.43,7,0.968959220937,1 days 00:00:00.000000000,-0.0105100463679,1 days 00:00:00.000000000,0.0271790065605,0.0163833075734,-0.276661514683
254,603499,翔港科技,广告包装,上海,3644.09,10.28,49.95,1.0,0.364,20171016,11.09,11,2.11181244364,1 days 00:00:00.000000000,-0.0437554332078,1 days 00:00:00.000000000,0.151515151515,0.101130107215,-0.298203419299
255,300708,聚灿光电,半导体,江苏,9280.19,193.16,64.26,2.57,0.361,20171016,3.64,25,10.0164835165,0 days 00:00:00.000000000,0.0,0 days 00:00:00.000000000,0.0,0.0,-0.283391521197
256,002905,金逸影视,影视音像,广东,14384.37,6.63,31.35,1.68,1.14,20171016,25.18,7,0.986894360604,0 days 00:00:00.000000000,0.0,0 days 00:00:00.000000000,0.0,0.0,-0.303377973216
257,603829,洛凯股份,电气设备,江苏,4017.15,3.23,58.1,1.6,0.33,20171017,10.41,10,1.25744476465,1 days 00:00:00.000000000,-0.0187234042553,1 days 00:00:00.000000000,0.166522116219,0.144680851064,-0.226042553191
258,300710,万隆光电,通信设备,浙江,4249.02,,51.84,0.69,0.83,20171019,17.7,12,2.16949152542,4 days 00:00:00.000000000,-0.0802139037433,2 days 00:00:00.000000000,0.157945736434,0.0650623885918,-0.252941176471
259,300709,精研科技,元器件,江苏,11760.89,-15.3,39.34,0.88,1.78,20171019,46.44,7,1.05340223945,5 days 00:00:00.000000000,-0.0665897651007,7 days 00:00:00.000000000,0.175485900461,0.0972105704698,-0.235927013423
260,002907,华森制药,化学制药,重庆,9275.4,20.74,121.89,4.0,0.232,20171020,5.98,16,3.22408026756,41 days 00:00:00.000000000,-0.399445764054,21 days 00:00:00.000000000,1.2201713909,0.333333333333,-0.0828582739509
261,603683,晶华新材,化工原料,上海,3157.87,-16.71,75.93,1.27,0.33,20171020,13.45,10,1.35836431227,0 days 00:00:00.000000000,0.0,0 days 00:00:00.000000000,0.0,0.0,-0.349306431274
262,002908,德生科技,元器件,广东,3791.13,59.26,85.84,1.33,0.284,20171020,9.92,15,3.17842741935,0 days 00:00:00.000000000,0.0,0 days 00:00:00.000000000,0.0,0.0,-0.269891435464
263,603466,风语筑,文教休闲,上海,14766.32,32.47,38.19,1.44,1.025,20171020,19.87,16,2.92048314041,0 days 00:00:00.000000000,0.0,0 days 00:00:00.000000000,0.0,0.0,-0.325930680359
264,603922,金鸿顺,汽车配件,江苏,7271.59,-12.38,37.52,1.28,0.76,20171023,21.05,6,0.933016627078,0 days 00:00:00.000000000,0.0,0 days 00:00:00.000000000,0.0,0.0,-0.308724502335
265,601108,财通证券,证券,浙江,120970.28,-11.97,47.6,35.89,0.337,20171024,13.66,4,0.59663250366,3 days 00:00:00.000000000,-0.0426409903714,11 days 00:00:00.000000000,0.140325670498,0.0917010545621,-0.162310866575
266,603722,阿科力,化工原料,江苏,4062.24,,61.55,0.87,0.469,20171025,13.49,16,3.81912527798,0 days 00:00:00.000000000,0.0,0 days 00:00:00.000000000,0.0,0.0,-0.399230887556
267,603607,京华激光,造纸,浙江,6399.51,58.42,45.8,0.91,0.94,20171025,23.1,13,1.94372294372,0 days 00:00:00.000000000,0.0,0 days 00:00:00.000000000,0.0,0.0,-0.396014705882
268,603289,泰瑞机器,专用机械,浙江,6317.68,45.09,46.45,2.04,0.31,20171031,11.28,11,1.43971631206,0 days 00:00:00.000000000,0.0,0 days 00:00:00.000000000,0.0,0.0,-0.319658430233
269,300712,永福股份,建筑施工,福建,5739.94,28.72,47.52,1.4,0.41,20171031,14.18,10,1.65726375176,0 days 00:00:00.000000000,0.0,0 days 00:00:00.000000000,0.0,0.0,-0.361836518047
270,002910,庄园牧场,乳制品,甘肃,5425.03,1.17,64.02,1.87,0.29,20171031,8.95,11,2.11061452514,1 days 00:00:00.000000000,-0.076867816092,3 days 00:00:00.000000000,0.148249027237,0.0599856321839,-0.244216954023
271,300711,广哈通信,通信设备,广东,3534.5,19.16,83.19,1.44,0.245,20171101,10.02,12,2.42215568862,0 days 00:00:00.000000000,0.0,0 days 00:00:00.000000000,0.0,0.0,-0.194808982211
272,300713,英可瑞,电气设备,深圳,6949.29,7.57,52.09,0.53,1.214,20171101,48.35,10,1.82936918304,0 days 00:00:00.000000000,0.0,0 days 00:00:00.000000000,0.0,0.0,-0.399956140351
273,603912,佳力图,专用机械,江苏,5297.98,28.79,58.45,1.48,0.358,20171101,10.37,11,2.11089681774,0 days 00:00:00.000000000,0.0,0 days 00:00:00.000000000,0.0,0.0,-0.146466212027
274,603937,丽岛新材,铝,江苏,7072.08,,52.52,2.09,0.339,20171102,13.81,9,0.994931209269,1 days 00:00:00.000000000,-0.0199637023593,1 days 00:00:00.000000000,0.155555555556,0.132486388385,-0.0923411978221
275,603659,璞泰来,化工原料,上海,32393.25,68.3,47.17,4.33,0.749,20171103,23.8,11,1.5256302521,3 days 00:00:00.000000000,-0.0319414406921,10 days 00:00:00.000000000,0.117202268431,0.0815172184329,-0.0872566960572
276,603856,东宏股份,塑料,山东,10228.39,24.47,28.85,1.97,0.519,20171106,15.68,8,0.822066326531,0 days 00:00:00.000000000,0.0,0 days 00:00:00.000000000,0.0,0.0,-0.291459572979
277,603507,振江股份,钢加工,江苏,10537.62,1.37,36.57,1.26,0.839,20171106,37.8,7,0.587301587302,0 days 00:00:00.000000000,0.0,0 days 00:00:00.000000000,0.0,0.0,-0.33205
278,300718,长盛轴承,机械基件,浙江,9303.65,65.84,32.16,1.0,0.93,20171106,22.27,9,1.29681185451,0 days 00:00:00.000000000,0.0,0 days 00:00:00.000000000,0.0,0.0,-0.236344086022
279,300717,华信新材,塑料,江苏,3287.6,11.63,53.55,0.64,0.514,20171106,17.09,10,1.82972498537,0 days 00:00:00.000000000,0.0,0 days 00:00:00.000000000,0.0,0.0,-0.250909842845
280,300720,海川智能,电器仪表,广东,2357.52,24.62,69.84,0.72,0.327,20171106,14.09,11,2.07877927608,0 days 00:00:00.000000000,0.0,0 days 00:00:00.000000000,0.0,0.0,-0.275749193177
281,600903,贵州燃气,供气供热,贵州,10235.87,92.94,174.6,8.13,0.126,20171107,2.65,15,3.0679245283,16 days 00:00:00.000000000,-0.253246753247,34 days 00:00:00.000000000,2.83850931677,1.86641929499,0.685064935065
282,300716,国立科技,塑料,广东,3815.6,3.79,55.3,1.07,0.358,20171109,14.57,8,1.33905284832,0 days 00:00:00.000000000,0.0,0 days 00:00:00.000000000,0.0,0.0,-0.231954225352
283,300719,安达维尔,航空,北京,767.43,24.26,457.26,1.68,0.046,20171109,14.63,8,1.25563909774,0 days 00:00:00.000000000,0.0,0 days 00:00:00.000000000,0.0,0.0,-0.233848484848
284,300722,新余国科,专用机械,江西,2765.39,12.54,77.89,0.8,0.346,20171110,11.75,12,2.14893617021,1 days 00:00:00.000000000,-0.00027027027027,2 days 00:00:00.000000000,0.116517977832,0.116216216216,-0.0684864864865
285,603916,苏博特,化工原料,江苏,11507.12,21.99,36.06,3.04,0.379,20171110,10.82,7,1.12661737523,0 days 00:00:00.000000000,0.0,0 days 00:00:00.000000000,0.0,0.0,-0.246371142981
286,300725,药石科技,化工原料,江苏,5263.76,99.86,123.98,0.73,0.718,20171110,13.58,16,4.01620029455,3 days 00:00:00.000000000,-0.0161479741632,39 days 00:00:00.000000000,1.00089525515,0.968584850264,0.78990017616
287,603083,剑桥科技,通信设备,上海,5509.58,40.03,63.79,0.98,0.563,20171110,18.06,11,1.94019933555,0 days 00:00:00.000000000,0.0,0 days 00:00:00.000000000,0.0,0.0,-0.13736346516
288,603076,乐惠国际,专用机械,浙江,5294.86,-0.0,37.85,0.75,0.711,20171113,23.65,6,0.932769556025,1 days 00:00:00.000000000,-0.0293152483045,1 days 00:00:00.000000000,0.0480054090602,0.0172828702691,-0.19774666375
289,603278,大业股份,钢加工,山东,10768.82,-3.61,34.14,2.08,0.518,20171113,22.05,5,0.46485260771,0 days 00:00:00.000000000,0.0,0 days 00:00:00.000000000,0.0,0.0,-0.282074303406
290,300721,怡达股份,化工原料,江苏,4935.98,,43.31,0.8,0.616,20171115,20.05,7,1.12618453865,0 days 00:00:00.000000000,0.0,0 days 00:00:00.000000000,0.0,0.0,-0.079193056533
291,603605,珀莱雅,日用化工,浙江,12574.07,66.92,34.08,2.0,0.629,20171115,22.09,6,0.610230873699,0 days 00:00:00.000000000,0.0,0 days 00:00:00.000000000,0.0,0.0,-0.207197076188
292,300723,一品红,化学制药,广东,11009.48,20.84,40.85,1.6,0.688,20171116,20.46,7,1.1265884653,0 days 00:00:00.000000000,0.0,0 days 00:00:00.000000000,0.0,0.0,-0.133164789704
293,603970,中农立华,其他商业,北京,7252.67,9.93,39.65,1.33,0.544,20171116,17.96,6,0.610801781737,4 days 00:00:00.000000000,-0.122018665745,30 days 00:00:00.000000000,0.286614173228,0.129623228483,0.0874870376772
294,002864,盘龙药业,中成药,陕西,3309.32,42.44,62.31,0.87,0.382,20171116,12.04,10,1.8280730897,20 days 00:00:00.000000000,-0.286049926579,21 days 00:00:00.000000000,0.484985602633,0.0602055800294,-0.0697503671072
295,603619,中曼石油,石油开采,上海,33715.08,11.68,38.86,4.0,0.843,20171117,32.56,4,0.210073710074,21 days 00:00:00.000000000,-0.189847715736,34 days 00:00:00.000000000,0.52537593985,0.23578680203,0.00515228426396
296,600933,爱柯迪,汽车配件,浙江,35056.31,,30.13,8.45,0.415,20171117,13.21,4,0.597274791824,0 days 00:00:00.000000000,0.0,0 days 00:00:00.000000000,0.0,0.0,-0.258625592417
297,603365,水星家纺,纺织,上海,15680.57,38.42,28.88,2.67,0.588,20171120,19.2,4,0.596875,0 days 00:00:00.000000000,0.0,0 days 00:00:00.000000000,0.0,0.0,-0.259230267449
298,603661,恒林股份,家居用品,浙江,16357.91,-15.07,31.29,1.0,1.636,20171121,68.26,3,0.451948432464,0 days 00:00:00.000000000,0.0,0 days 00:00:00.000000000,0.0,0.0,-0.31678942589
299,300726,宏达电子,元器件,湖南,14654.23,6.25,58.89,4.0,0.366,20171121,13.39,9,1.57356235997,0 days 00:00:00.000000000,0.0,0 days 00:00:00.000000000,0.0,0.0,-0.156732443413
300,601019,山东出版,出版业,山东,96439.63,14.75,20.09,20.87,0.462,20171122,12.19,3,0.452009844135,0 days 00:00:00.000000000,0.0,0 days 00:00:00.000000000,0.0,0.0,-0.28813559322
301,002911,佛燃股份,供气供热,广东,27724.06,0.86,45.77,5.56,0.499,20171122,16.73,4,0.59713090257,16 days 00:00:00.000000000,-0.20247005988,34 days 00:00:00.000000000,0.527451900516,0.218188622754,0.0824101796407
302,603685,晨丰科技,电气设备,浙江,8854.57,30.6,28.91,1.0,0.885,20171127,25.25,5,0.756831683168,0 days 00:00:00.000000000,0.0,0 days 00:00:00.000000000,0.0,0.0,-0.221641118124
303,300727,润禾材料,化工原料,浙江,3465.52,41.33,69.45,0.98,0.355,20171127,10.01,12,2.02697302697,9 days 00:00:00.000000000,-0.205940594059,7 days 00:00:00.000000000,0.450540315877,0.151815181518,0.0161716171617
304,603809,豪能股份,汽车配件,四川,11252.68,19.7,25.57,1.07,1.055,20171128,26.87,4,0.596948269445,0 days 00:00:00.000000000,0.0,0 days 00:00:00.000000000,0.0,0.0,-0.167816359823
305,603711,香飘飘,软饮料,浙江,8183.33,,107.93,4.0,0.205,20171130,17.02,8,0.924794359577,0 days 00:00:00.000000000,0.0,0 days 00:00:00.000000000,0.0,0.0,-0.159615384615
306,002913,奥士康,半导体,湖南,11246.67,-18.08,42.78,1.44,0.781,20171201,36.46,5,0.464618760285,0 days 00:00:00.000000000,0.0,0 days 00:00:00.000000000,0.0,0.0,-0.133426966292
307,300729,乐歌股份,家居用品,浙江,4400.83,5.27,45.67,0.86,0.512,20171201,21.2,7,0.933018867925,0 days 00:00:00.000000000,0.0,0 days 00:00:00.000000000,0.0,0.0,-0.207540263543
308,603917,合力科技,专用机械,浙江,5328.13,18.22,42.24,1.12,0.476,20171204,20.48,6,0.51904296875,0 days 00:00:00.000000000,0.0,0 days 00:00:00.000000000,0.0,0.0,-0.113275474124
309,300730,科创信息,软件服务,湖南,346.6,-130.05,724.09,0.93,0.037,20171205,11.03,15,3.14415231188,0 days 00:00:00.000000000,0.0,0 days 00:00:00.000000000,0.0,0.0,-0.183198424852
310,002915,中欣氟材,化工原料,浙江,3490.39,154.18,106.73,1.12,0.312,20171205,7.72,15,3.55829015544,6 days 00:00:00.000000000,-0.0679170218812,7 days 00:00:00.000000000,0.18993902439,0.109121909633,-0.0910770105144
311,002917,金奥博,化工原料,深圳,4961.25,8.6,53.97,1.13,0.439,20171208,13.97,6,0.931997136722,10 days 00:00:00.000000000,-0.136717302705,8 days 00:00:00.000000000,0.442060085837,0.244905520563,0.119044090404
312,300731,科创新源,橡胶,深圳,4636.28,17.33,46.11,0.87,0.532,20171208,15.89,9,1.18376337319,1 days 00:00:00.000000000,-0.04265129683,7 days 00:00:00.000000000,0.237206502107,0.184438040346,0.0706051873199
313,300732,设研院,建筑施工,河南,12091.89,91.89,39.1,0.72,1.679,20171212,49.7,5,0.633802816901,7 days 00:00:00.000000000,-0.0839901477833,16 days 00:00:00.000000000,0.136058080129,0.0406403940887,0.0137931034483
314,603890,春秋电子,机械基件,江苏,11679.14,8.18,34.06,1.37,0.852,20171212,28.46,4,0.597680955727,0 days 00:00:00.000000000,0.0,0 days 00:00:00.000000000,0.0,0.0,-0.107521442709
315,002916,深南电路,元器件,深圳,33880.86,63.98,49.31,2.8,1.21,20171213,23.16,16,3.0621761658,0 days 00:00:00.000000000,0.0,0 days 00:00:00.000000000,0.0,0.0,-0.226615646259
316,600025,华能水电,水力发电,云南,161406.51,151.67,41.15,180.0,0.09,20171215,2.6,10,1.21153846154,0 days 00:00:00.000000000,0.0,0 days 00:00:00.000000000,0.0,0.0,-0.119130434783
317,603477,振静股份,纺织,四川,4625.99,32.97,58.33,2.4,0.193,20171218,6.7,11,1.8776119403,0 days 00:00:00.000000000,0.0,0 days 00:00:00.000000000,0.0,0.0,-0.185684647303
318,002918,蒙娜丽莎,其他建材,广东,23599.68,72.4,26.77,1.58,1.496,20171219,37.55,5,0.568042609854,1 days 00:00:00.000000000,-0.0266644021739,1 days 00:00:00.000000000,0.0535683126854,0.0254755434783,-0.0293648097826
319,603283,赛腾股份,专用机械,江苏,8334.24,,43.38,1.6,0.521,20171225,9.94,14,2.44969818913,0 days 00:00:00.000000000,0.0,0 days 00:00:00.000000000,0.0,0.0,-0.368941382327
320,002920,德赛西威,汽车配件,广东,46871.34,1.08,34.75,5.5,0.852,20171226,24.5,5,0.756734693878,1 days 00:00:00.000000000,-0.0236988847584,5 days 00:00:00.000000000,0.103760114231,0.0776022304833,-0.0485130111524
321,002921,联诚精密,汽车配件,山东,3684.33,-3.3,54.93,0.8,0.461,20171227,13.86,11,1.88744588745,0 days 00:00:00.000000000,0.0,0 days 00:00:00.000000000,0.0,0.0,-0.23848075962
322,300735,光弘科技,通信设备,广东,14079.98,,46.06,3.55,0.397,20171229,11.99,9,1.36864053378,0 days 00:00:00.000000000,0.0,0 days 00:00:00.000000000,0.0,0.0,-0.188661971831
